{"lr": 0.009994542389608127, "data_time": 0.020590782165527344, "loss": 2.3210378885269165, "decode.loss_ce": 1.5953736066818238, "decode.acc_seg": 49.37687683105469, "aux.loss_ce": 0.7256642818450928, "aux.acc_seg": 40.22445297241211, "time": 9.140374755859375, "iter": 50, "memory": 2897, "step": 50}
{"lr": 0.009988973054603395, "data_time": 0.01865508556365967, "loss": 2.4393651723861693, "decode.loss_ce": 1.7686754763126373, "decode.acc_seg": 24.810400009155273, "aux.loss_ce": 0.6706896424293518, "aux.acc_seg": 38.26982116699219, "time": 9.079523706436158, "iter": 100, "memory": 2897, "step": 100}
