{"base_lr": 1.1235121556462201e-06, "lr": 1.1235121556462201e-06, "data_time": 0.003915047645568848, "grad_norm": 12.112679767608643, "loss": 7.064025354385376, "time": 1.1810112714767456, "epoch": 1, "iter": 100, "memory": 7017, "step": 100}
